temperature,humidity,mq2_smoke,mq135_gas,flame_detected,cv_flame_score,cv_smoke_score,person_detected,label
93.8,23.09,1019,900,1,0.98,0.91,0,Evacuate Immediately
48.08,10.96,730,766,1,0.82,0.77,0,Fire Detected
30.32,54.36,102,111,0,0.06,0.06,0,Safe
26.91,55.91,195,124,0,0.06,0.06,1,Safe
45.37,29.13,707,791,1,0.64,0.67,0,Fire Detected
43.5,44.66,449,665,0,0.24,0.44,0,Gas Leak
30.83,32.16,169,210,0,0.09,0.05,0,Safe
24.57,56.99,139,132,0,0.04,0.05,1,Safe
25.63,40.17,162,108,0,0.0,0.06,0,Safe
40.72,50.15,347,303,0,0.01,0.34,1,Warning
20.53,52.38,169,136,0,0.06,0.07,1,Safe
23.02,41.48,101,224,0,0.01,0.04,0,Safe
48.06,22.86,313,655,0,0.1,0.51,1,Gas Leak
43.45,42.19,337,764,0,0.34,0.37,0,Gas Leak
43.26,41.37,328,347,0,0.11,0.23,0,Warning
41.91,46.58,258,382,0,0.03,0.41,0,Warning
33.85,35.06,138,211,0,0.1,0.06,1,Safe
44.84,45.79,499,653,0,0.16,0.46,1,Gas Leak
34.54,38.52,178,211,0,0.0,0.06,1,Safe
48.6,19.09,788,646,1,0.88,0.7,1,Fire Detected
40.21,33.83,470,856,0,0.38,0.52,0,Gas Leak
35.99,58.8,215,256,0,0.19,0.45,1,Warning
33.7,44.03,119,112,0,0.06,0.02,0,Safe
37.47,50.79,264,270,0,0.08,0.47,1,Warning
64.82,21.55,864,769,1,0.67,0.63,1,Fire Detected
29.09,33.5,136,216,0,0.02,0.01,0,Safe
57.91,22.34,830,670,1,0.84,0.87,1,Fire Detected
50.08,17.79,806,795,1,0.85,0.69,0,Fire Detected
40.96,52.2,363,297,0,0.0,0.27,1,Warning
56.81,33.36,747,778,1,0.61,0.73,1,Fire Detected
39.56,50.94,244,390,0,0.15,0.4,1,Warning
30.58,52.39,143,155,0,0.03,0.01,1,Safe
23.12,40.76,130,165,0,0.1,0.09,1,Safe
35.67,41.3,259,231,0,0.12,0.31,1,Warning
23.66,34.83,166,198,0,0.1,0.1,0,Safe
24.21,49.66,162,123,0,0.09,0.07,0,Safe
53.85,14.64,735,848,1,0.71,0.81,1,Fire Detected
21.17,42.57,133,248,0,0.03,0.08,0,Safe
32.35,48.23,114,134,0,0.03,0.0,0,Safe
22.34,39.93,149,235,0,0.03,0.07,1,Safe
37.78,44.48,246,362,0,0.06,0.5,1,Warning
41.29,23.34,300,702,0,0.14,0.3,0,Gas Leak
41.4,38.04,217,249,0,0.08,0.32,1,Warning
45.41,32.62,878,818,1,0.82,0.69,0,Fire Detected
65.37,26.81,929,866,1,0.98,1.0,0,Evacuate Immediately
41.53,35.31,342,216,0,0.3,0.48,1,Warning
44.2,26.0,428,643,0,0.16,0.49,1,Gas Leak
25.29,55.28,127,131,0,0.1,0.08,1,Safe
35.91,35.81,256,340,0,0.15,0.32,1,Warning
82.98,8.48,1022,918,1,0.95,0.93,0,Evacuate Immediately
27.91,34.55,136,114,0,0.04,0.03,0,Safe
89.45,18.81,884,907,1,0.95,0.97,0,Evacuate Immediately
49.84,17.71,811,643,1,0.85,0.8,1,Fire Detected
32.38,36.99,118,100,0,0.1,0.03,0,Safe
40.79,38.86,335,269,0,0.11,0.37,0,Warning
48.28,20.39,513,642,0,0.2,0.55,1,Gas Leak
50.09,10.76,791,805,1,0.81,0.75,1,Fire Detected
38.98,41.26,334,317,0,0.01,0.49,1,Warning
81.63,22.2,979,917,1,0.97,0.95,0,Evacuate Immediately
33.19,31.81,167,163,0,0.02,0.03,1,Safe
37.91,53.49,360,399,0,0.11,0.35,1,Warning
31.9,40.61,153,113,0,0.04,0.02,0,Safe
38.18,35.75,347,736,0,0.24,0.37,0,Gas Leak
36.6,22.95,517,631,0,0.25,0.39,1,Gas Leak
44.07,47.38,310,371,0,0.26,0.38,1,Warning
45.72,30.57,307,757,0,0.11,0.4,0,Gas Leak
27.95,33.8,124,171,0,0.06,0.08,0,Safe
23.21,48.72,195,105,0,0.05,0.01,0,Safe
43.64,40.46,426,706,0,0.19,0.31,0,Gas Leak
33.76,38.31,158,131,0,0.05,0.03,0,Safe
43.62,37.0,439,797,0,0.13,0.58,0,Gas Leak
74.55,29.58,1018,948,1,0.91,0.94,0,Evacuate Immediately
38.15,43.98,360,323,0,0.17,0.31,0,Warning
41.21,37.73,431,852,0,0.24,0.39,0,Gas Leak
26.96,38.15,163,135,0,0.03,0.05,0,Safe
37.79,40.9,311,363,0,0.15,0.23,0,Warning
57.79,37.04,753,799,1,0.71,0.89,1,Fire Detected
25.1,46.99,105,105,0,0.01,0.05,1,Safe
22.73,46.05,200,113,0,0.09,0.04,1,Safe
62.27,23.36,710,838,1,0.81,0.74,1,Fire Detected
21.41,38.43,103,105,0,0.02,0.09,0,Safe
31.63,32.83,159,177,0,0.1,0.1,0,Safe
63.7,37.2,818,747,1,0.87,0.69,1,Fire Detected
24.77,56.45,174,248,0,0.06,0.1,0,Safe
76.44,8.68,874,912,1,0.97,0.94,0,Evacuate Immediately
23.37,52.47,181,191,0,0.07,0.01,0,Safe
39.55,59.59,326,284,0,0.02,0.31,0,Warning
39.99,31.0,341,863,0,0.17,0.37,1,Gas Leak
44.21,44.14,218,357,0,0.1,0.29,0,Warning
40.56,24.63,469,708,0,0.35,0.35,0,Gas Leak
37.62,37.68,453,678,0,0.2,0.48,1,Gas Leak
69.22,34.07,800,630,1,0.63,0.65,0,Fire Detected
44.34,41.71,246,396,0,0.11,0.29,0,Warning
36.89,48.3,280,388,0,0.06,0.49,0,Warning
36.79,53.25,294,229,0,0.01,0.39,1,Warning
40.23,47.47,213,305,0,0.01,0.42,0,Warning
47.35,29.91,717,719,1,0.74,0.8,1,Fire Detected
39.45,56.24,256,358,0,0.2,0.36,1,Warning
41.39,46.29,339,347,0,0.22,0.37,0,Warning
25.18,53.24,116,104,0,0.01,0.02,1,Safe
49.97,23.43,336,858,0,0.25,0.51,0,Gas Leak
37.27,48.51,359,344,0,0.06,0.39,1,Warning
47.8,42.53,562,764,0,0.15,0.38,0,Gas Leak
31.57,47.75,155,176,0,0.02,0.07,1,Safe
49.38,48.87,499,786,0,0.33,0.57,0,Gas Leak
24.07,58.76,170,193,0,0.07,0.08,0,Safe
79.21,18.02,875,970,1,0.92,0.96,0,Evacuate Immediately
35.56,50.87,380,324,0,0.13,0.22,0,Warning
32.69,32.89,154,114,0,0.06,0.01,1,Safe
65.62,16.54,845,819,1,0.87,0.81,1,Fire Detected
34.22,31.77,127,108,0,0.05,0.0,1,Safe
53.8,26.95,837,799,1,0.61,0.61,0,Fire Detected
41.3,28.77,575,705,0,0.32,0.44,1,Gas Leak
49.28,36.89,321,860,0,0.23,0.39,0,Gas Leak
38.67,42.75,508,681,0,0.21,0.39,1,Gas Leak
31.64,51.99,187,153,0,0.0,0.07,1,Safe
35.71,55.08,284,300,0,0.03,0.39,1,Warning
29.98,47.01,194,226,0,0.0,0.02,0,Safe
29.56,40.4,104,238,0,0.07,0.02,0,Safe
57.08,21.64,865,751,1,0.69,0.81,0,Fire Detected
67.64,17.64,744,680,1,0.83,0.69,1,Fire Detected
64.23,26.22,791,757,1,0.74,0.86,0,Fire Detected
42.53,56.29,208,344,0,0.12,0.28,1,Warning
34.11,56.37,158,242,0,0.03,0.05,0,Safe
67.25,7.48,865,968,1,0.93,1.0,0,Evacuate Immediately
20.18,41.63,123,146,0,0.08,0.02,0,Safe
27.19,34.21,111,123,0,0.01,0.03,0,Safe
32.56,42.78,107,249,0,0.07,0.05,1,Safe
48.9,38.74,367,804,0,0.39,0.57,0,Gas Leak
20.02,47.32,183,148,0,0.09,0.06,1,Safe
47.19,30.65,444,867,0,0.29,0.43,1,Gas Leak
29.38,37.91,136,247,0,0.01,0.08,1,Safe
38.06,33.54,517,633,0,0.22,0.38,0,Gas Leak
22.8,38.48,166,225,0,0.05,0.06,0,Safe
30.83,33.8,142,222,0,0.03,0.09,0,Safe
37.12,36.9,219,399,0,0.03,0.45,0,Warning
40.91,30.37,235,300,0,0.1,0.3,0,Warning
30.4,30.19,121,184,0,0.08,0.06,0,Safe
59.5,39.57,800,642,1,0.9,0.72,0,Fire Detected
37.38,37.64,345,317,0,0.2,0.23,1,Warning
36.86,43.24,596,731,0,0.2,0.4,1,Gas Leak
42.19,21.15,496,687,0,0.19,0.41,1,Gas Leak
44.23,42.74,270,256,0,0.12,0.25,1,Warning
49.21,22.78,536,767,0,0.34,0.37,0,Gas Leak
61.62,13.72,706,845,1,0.81,0.67,1,Fire Detected
22.6,58.59,172,153,0,0.05,0.06,1,Safe
25.26,31.06,100,116,0,0.05,0.07,0,Safe
62.96,34.75,774,760,1,0.69,0.66,0,Fire Detected
57.81,24.87,777,621,1,0.85,0.64,1,Fire Detected
31.06,43.81,101,101,0,0.02,0.09,1,Safe
62.28,27.33,705,834,1,0.81,0.63,1,Fire Detected
35.92,34.46,330,314,0,0.3,0.36,1,Warning
29.04,36.96,178,169,0,0.06,0.07,0,Safe
42.59,42.53,495,671,0,0.14,0.59,1,Gas Leak
22.63,56.84,107,203,0,0.08,0.1,1,Safe
38.3,25.8,389,810,0,0.26,0.52,0,Gas Leak
24.4,32.05,113,141,0,0.09,0.09,0,Safe
40.8,26.96,488,859,0,0.3,0.5,0,Gas Leak
37.62,30.61,277,348,0,0.02,0.36,0,Warning
24.15,34.01,178,210,0,0.04,0.03,1,Safe
57.02,16.61,892,692,1,0.72,0.69,0,Fire Detected
23.9,55.35,113,200,0,0.08,0.1,0,Safe
69.98,15.56,973,948,1,0.92,0.95,0,Evacuate Immediately
42.05,44.35,354,767,0,0.25,0.31,0,Gas Leak
35.12,59.86,217,357,0,0.21,0.47,0,Warning
35.96,56.11,222,351,0,0.15,0.48,0,Warning
34.96,50.14,101,205,0,0.1,0.09,0,Safe
49.69,17.36,786,850,1,0.61,0.83,1,Fire Detected
38.02,21.31,541,863,0,0.13,0.42,1,Gas Leak
97.5,27.56,907,989,1,1.0,0.95,0,Evacuate Immediately
51.07,32.17,810,823,1,0.85,0.67,1,Fire Detected
37.72,47.73,570,664,0,0.15,0.57,1,Gas Leak
45.5,26.06,320,652,0,0.39,0.4,1,Gas Leak
40.69,44.38,422,734,0,0.36,0.4,0,Gas Leak
96.56,16.81,923,921,1,0.91,0.96,0,Evacuate Immediately
39.23,58.04,216,246,0,0.2,0.4,0,Warning
82.96,14.27,876,996,1,0.98,0.92,0,Evacuate Immediately
35.51,31.33,492,694,0,0.37,0.5,0,Gas Leak
40.99,20.58,304,748,0,0.29,0.58,1,Gas Leak
35.55,58.84,386,302,0,0.01,0.24,0,Warning
67.24,33.78,851,821,1,0.61,0.65,0,Fire Detected
23.82,36.89,135,124,0,0.08,0.01,0,Safe
30.63,46.43,138,100,0,0.04,0.06,0,Safe
39.34,41.84,315,340,0,0.16,0.32,1,Warning
51.44,36.59,723,622,1,0.73,0.86,0,Fire Detected
39.51,28.65,512,688,0,0.11,0.38,0,Gas Leak
57.42,37.08,794,667,1,0.75,0.64,1,Fire Detected
39.89,48.31,240,327,0,0.19,0.25,0,Warning
40.66,58.46,340,224,0,0.19,0.47,1,Warning
59.16,37.72,893,780,1,0.76,0.87,0,Fire Detected
56.37,33.14,879,713,1,0.78,0.88,1,Fire Detected
38.2,51.43,384,253,0,0.21,0.33,0,Warning
90.43,20.21,1014,931,1,0.96,0.98,0,Evacuate Immediately
37.61,33.39,594,808,0,0.23,0.38,0,Gas Leak
24.21,48.78,166,179,0,0.04,0.05,0,Safe
20.94,45.85,166,146,0,0.04,0.03,1,Safe
23.78,41.18,102,180,0,0.01,0.05,0,Safe
22.5,59.04,166,184,0,0.04,0.06,0,Safe
43.97,58.43,384,260,0,0.04,0.46,0,Warning
44.9,20.72,381,679,0,0.2,0.31,1,Gas Leak
86.62,10.88,981,899,1,0.98,0.92,0,Evacuate Immediately
24.38,59.81,146,195,0,0.02,0.02,1,Safe
40.34,47.26,356,284,0,0.24,0.41,0,Warning
57.51,10.98,841,657,1,0.7,0.69,1,Fire Detected
44.33,36.91,336,752,0,0.12,0.47,0,Gas Leak
71.07,13.81,1022,1000,1,0.96,0.95,0,Evacuate Immediately
39.12,54.28,255,219,0,0.1,0.45,0,Warning
38.91,25.92,534,896,0,0.19,0.53,0,Gas Leak
81.66,21.69,1017,927,1,0.91,0.93,0,Evacuate Immediately
32.38,49.37,150,129,0,0.06,0.0,1,Safe
24.36,55.48,113,115,0,0.05,0.05,1,Safe
28.44,47.73,185,205,0,0.06,0.1,0,Safe
28.64,58.53,141,112,0,0.05,0.01,0,Safe
30.98,45.12,104,133,0,0.09,0.09,0,Safe
43.62,22.9,426,768,0,0.39,0.57,1,Gas Leak
69.27,34.44,860,698,1,0.78,0.89,0,Fire Detected
30.58,43.76,139,142,0,0.06,0.05,1,Safe
42.49,25.96,589,794,0,0.16,0.5,0,Gas Leak
33.17,35.88,126,130,0,0.1,0.07,0,Safe
42.76,49.41,272,243,0,0.27,0.3,1,Warning
24.23,54.55,192,218,0,0.05,0.08,1,Safe
35.16,37.7,385,633,0,0.27,0.46,1,Gas Leak
61.22,35.49,864,783,1,0.7,0.6,0,Fire Detected
42.36,55.69,270,395,0,0.16,0.32,0,Warning
55.96,27.09,845,753,1,0.67,0.6,1,Fire Detected
36.24,35.95,242,346,0,0.16,0.38,0,Warning
55.71,33.99,794,808,1,0.67,0.88,1,Fire Detected
45.54,26.91,363,822,0,0.24,0.45,0,Gas Leak
28.92,55.42,172,148,0,0.04,0.02,0,Safe
39.06,33.29,307,240,0,0.22,0.43,0,Warning
41.14,49.38,203,381,0,0.28,0.4,1,Warning
65.23,11.75,712,600,1,0.75,0.8,1,Fire Detected
47.78,36.91,452,632,0,0.26,0.58,1,Gas Leak
41.02,49.58,260,286,0,0.12,0.28,0,Warning
41.14,49.17,277,210,0,0.14,0.37,1,Warning
36.99,52.22,242,208,0,0.22,0.2,1,Warning
57.13,18.2,845,685,1,0.68,0.7,1,Fire Detected
41.47,22.25,565,673,0,0.14,0.35,0,Gas Leak
30.98,53.48,145,230,0,0.07,0.05,1,Safe
63.84,29.7,770,601,1,0.7,0.87,1,Fire Detected
43.86,36.25,525,892,0,0.13,0.45,0,Gas Leak
69.13,22.13,825,756,1,0.6,0.67,1,Fire Detected
29.72,36.71,134,216,0,0.08,0.09,1,Safe
29.3,59.46,113,100,0,0.1,0.08,1,Safe
26.39,50.87,103,133,0,0.03,0.04,1,Safe
49.69,18.1,767,811,1,0.63,0.67,0,Fire Detected
42.81,39.72,200,294,0,0.13,0.45,1,Warning
42.12,36.01,334,200,0,0.25,0.25,1,Warning
47.12,11.62,800,639,1,0.76,0.72,0,Fire Detected
24.35,33.47,151,160,0,0.09,0.09,0,Safe
86.61,11.95,960,883,1,0.93,0.97,0,Evacuate Immediately
47.25,24.32,551,810,0,0.16,0.46,1,Gas Leak
41.77,38.78,382,307,0,0.17,0.26,0,Warning
46.82,33.48,374,868,0,0.22,0.38,0,Gas Leak
37.46,33.74,248,343,0,0.13,0.48,1,Warning
40.2,48.1,360,349,0,0.03,0.23,0,Warning
69.44,27.05,1021,927,1,0.96,0.9,0,Evacuate Immediately
27.75,43.05,126,201,0,0.02,0.05,1,Safe
36.58,26.22,497,763,0,0.3,0.52,0,Gas Leak
36.06,56.8,203,324,0,0.01,0.43,0,Warning
44.46,41.05,348,803,0,0.37,0.37,0,Gas Leak
36.23,37.91,259,304,0,0.18,0.26,1,Warning
42.25,41.58,440,891,0,0.27,0.59,0,Gas Leak
47.68,47.4,462,622,0,0.21,0.46,0,Gas Leak
47.33,37.9,550,819,0,0.16,0.54,1,Gas Leak
58.97,21.94,734,783,1,0.89,0.69,0,Fire Detected
43.34,35.71,524,735,0,0.18,0.56,1,Gas Leak
53.62,26.47,849,624,1,0.67,0.7,0,Fire Detected
57.09,31.63,765,647,1,0.83,0.86,1,Fire Detected
21.06,39.42,171,212,0,0.09,0.01,0,Safe
64.86,19.57,873,805,1,0.87,0.72,1,Fire Detected
40.77,33.59,417,629,0,0.11,0.48,0,Gas Leak
38.24,39.48,303,335,0,0.27,0.25,1,Warning
36.19,46.3,366,318,0,0.04,0.32,0,Warning
92.79,8.4,958,1022,1,0.9,0.95,0,Evacuate Immediately
44.63,27.57,343,672,0,0.23,0.46,0,Gas Leak
67.16,37.48,871,680,1,0.62,0.77,1,Fire Detected
41.07,45.54,343,217,0,0.27,0.4,1,Warning
62.6,19.61,896,799,1,0.85,0.72,1,Fire Detected
31.56,40.96,159,184,0,0.03,0.1,1,Safe
34.82,51.52,188,123,0,0.09,0.03,0,Safe
21.32,51.05,167,112,0,0.08,0.01,1,Safe
36.04,41.75,325,284,0,0.02,0.32,1,Warning
32.07,43.34,129,202,0,0.09,0.02,0,Safe
38.5,47.31,343,743,0,0.25,0.53,0,Gas Leak
55.29,13.31,717,741,1,0.9,0.75,1,Fire Detected
32.32,34.26,112,235,0,0.03,0.04,0,Safe
41.16,30.88,358,606,0,0.13,0.4,0,Gas Leak
32.44,55.96,183,211,0,0.07,0.02,0,Safe
38.93,45.13,505,611,0,0.24,0.4,0,Gas Leak
40.24,46.18,459,743,0,0.33,0.39,1,Gas Leak
49.87,37.72,522,820,0,0.18,0.32,0,Gas Leak
48.46,16.45,752,603,1,0.82,0.75,0,Fire Detected
60.23,10.81,703,781,1,0.87,0.61,0,Fire Detected
57.57,20.23,854,682,1,0.85,0.76,1,Fire Detected
58.84,16.36,816,664,1,0.82,0.79,0,Fire Detected
43.63,26.56,472,803,0,0.4,0.58,0,Gas Leak
37.98,47.54,345,399,0,0.24,0.49,1,Warning
60.56,18.86,795,654,1,0.83,0.77,1,Fire Detected
31.17,34.6,123,240,0,0.08,0.05,0,Safe
45.75,30.83,527,839,0,0.36,0.36,0,Gas Leak
37.73,59.31,359,223,0,0.14,0.2,1,Warning
78.62,28.8,970,944,1,0.95,0.99,0,Evacuate Immediately
30.58,33.73,183,242,0,0.07,0.05,1,Safe
39.94,42.73,530,805,0,0.33,0.36,1,Gas Leak
29.43,59.82,163,197,0,0.02,0.01,0,Safe
20.06,59.87,117,105,0,0.08,0.01,1,Safe
41.98,41.86,290,378,0,0.0,0.39,1,Warning
41.51,45.77,201,299,0,0.01,0.32,1,Warning
25.31,45.4,111,145,0,0.09,0.02,1,Safe
40.99,42.83,444,743,0,0.11,0.32,1,Gas Leak
34.3,52.62,145,145,0,0.04,0.08,0,Safe
37.35,45.32,458,697,0,0.16,0.4,0,Gas Leak
69.7,22.04,880,996,1,0.95,0.93,0,Evacuate Immediately
38.55,20.49,464,829,0,0.23,0.4,0,Gas Leak
40.23,29.03,360,861,0,0.33,0.48,1,Gas Leak
57.89,17.05,742,735,1,0.72,0.67,1,Fire Detected
69.46,22.62,729,751,1,0.79,0.77,0,Fire Detected
39.35,37.76,339,286,0,0.07,0.32,1,Warning
42.42,26.0,462,891,0,0.21,0.49,0,Gas Leak
50.8,34.75,802,638,1,0.75,0.78,1,Fire Detected
44.75,26.45,469,802,0,0.37,0.49,0,Gas Leak
52.68,28.45,740,813,1,0.64,0.89,1,Fire Detected
96.36,18.36,852,962,1,0.99,0.92,0,Evacuate Immediately
30.43,35.72,166,156,0,0.06,0.02,0,Safe
38.1,53.23,327,235,0,0.08,0.28,0,Warning
85.43,29.38,987,934,1,0.99,0.96,0,Evacuate Immediately
37.76,42.69,446,623,0,0.4,0.59,1,Gas Leak
21.4,34.51,129,126,0,0.08,0.08,0,Safe
90.28,12.91,893,909,1,0.96,0.92,0,Evacuate Immediately
88.49,28.52,853,853,1,1.0,0.95,0,Evacuate Immediately
28.19,45.94,179,172,0,0.02,0.09,1,Safe
24.34,33.53,200,248,0,0.05,0.04,0,Safe
68.64,6.72,850,961,1,0.98,0.99,0,Evacuate Immediately
21.7,52.47,144,234,0,0.01,0.09,0,Safe
20.46,47.18,152,188,0,0.0,0.01,0,Safe
45.02,29.93,491,723,0,0.37,0.43,0,Gas Leak
67.68,15.36,1006,876,1,0.91,0.94,0,Evacuate Immediately
39.45,33.75,246,245,0,0.29,0.43,0,Warning
31.37,38.78,140,222,0,0.08,0.1,0,Safe
37.39,32.84,229,389,0,0.14,0.45,0,Warning
68.87,11.44,806,660,1,0.66,0.74,0,Fire Detected
29.21,40.83,150,210,0,0.1,0.08,1,Safe
39.96,34.77,360,228,0,0.21,0.22,1,Warning
39.54,33.76,217,391,0,0.07,0.39,1,Warning
56.73,27.56,853,755,1,0.89,0.89,0,Fire Detected
45.1,38.56,781,682,1,0.77,0.68,0,Fire Detected
67.9,19.82,865,729,1,0.77,0.85,0,Fire Detected
54.38,14.31,897,735,1,0.76,0.67,1,Fire Detected
20.56,44.76,174,236,0,0.03,0.09,1,Safe
40.88,45.09,457,798,0,0.33,0.31,0,Gas Leak
56.87,15.94,811,705,1,0.67,0.69,0,Fire Detected
34.83,41.74,169,143,0,0.03,0.08,1,Safe
80.35,16.85,944,966,1,0.9,0.94,0,Evacuate Immediately
42.88,33.7,495,749,0,0.32,0.48,1,Gas Leak
66.01,28.41,843,710,1,0.75,0.68,0,Fire Detected
24.17,58.63,130,193,0,0.09,0.09,0,Safe
41.99,53.78,248,259,0,0.2,0.43,1,Warning
21.7,44.1,162,102,0,0.09,0.03,0,Safe
24.49,58.62,123,250,0,0.09,0.04,1,Safe
26.69,32.02,103,181,0,0.04,0.05,0,Safe
42.28,32.44,348,290,0,0.09,0.23,0,Warning
40.87,27.53,313,900,0,0.21,0.4,0,Gas Leak
90.12,11.77,872,899,1,0.98,0.99,0,Evacuate Immediately
69.79,11.11,834,791,1,0.79,0.8,1,Fire Detected
56.1,18.06,899,775,1,0.76,0.64,0,Fire Detected
68.24,39.64,802,652,1,0.6,0.74,1,Fire Detected
38.18,32.21,355,284,0,0.18,0.45,1,Warning
28.37,31.43,184,146,0,0.01,0.03,0,Safe
44.36,35.97,541,798,0,0.22,0.46,0,Gas Leak
38.51,30.42,224,261,0,0.06,0.32,1,Warning
48.27,35.78,873,689,1,0.63,0.76,1,Fire Detected
85.28,16.46,931,882,1,0.99,0.98,0,Evacuate Immediately
53.23,11.54,754,792,1,0.67,0.68,1,Fire Detected
67.69,23.77,862,910,1,0.96,0.99,0,Evacuate Immediately
64.37,14.84,785,822,1,0.79,0.87,1,Fire Detected
59.7,15.56,847,739,1,0.71,0.84,0,Fire Detected
84.1,18.37,1018,899,1,0.91,0.96,0,Evacuate Immediately
34.95,45.42,171,212,0,0.09,0.07,0,Safe
44.2,53.93,379,275,0,0.13,0.49,1,Warning
58.95,21.6,889,602,1,0.84,0.64,0,Fire Detected
24.67,32.49,112,187,0,0.06,0.02,0,Safe
45.95,33.84,867,699,1,0.77,0.84,0,Fire Detected
40.99,43.31,288,347,0,0.24,0.48,1,Warning
51.05,23.27,875,779,1,0.83,0.82,0,Fire Detected
44.42,39.36,307,725,0,0.39,0.46,0,Gas Leak
32.18,44.86,165,137,0,0.02,0.09,1,Safe
66.96,17.88,889,741,1,0.67,0.62,1,Fire Detected
42.09,30.22,552,734,0,0.12,0.38,0,Gas Leak
94.29,10.32,962,1023,1,0.96,0.9,0,Evacuate Immediately
36.22,30.1,265,209,0,0.02,0.48,1,Warning
74.43,24.07,928,907,1,0.91,0.98,0,Evacuate Immediately
27.14,44.22,116,126,0,0.01,0.01,1,Safe
68.09,15.1,815,741,1,0.84,0.63,0,Fire Detected
41.99,38.88,224,356,0,0.17,0.24,1,Warning
35.1,33.8,492,762,0,0.23,0.48,1,Gas Leak
37.18,38.01,507,776,0,0.27,0.43,0,Gas Leak
47.64,13.6,819,764,1,0.71,0.64,1,Fire Detected
50.67,17.61,729,709,1,0.66,0.79,1,Fire Detected
96.39,23.87,910,884,1,0.96,0.99,0,Evacuate Immediately
76.38,17.15,911,960,1,0.93,0.99,0,Evacuate Immediately
54.32,15.28,793,786,1,0.72,0.76,0,Fire Detected
43.59,52.49,372,373,0,0.27,0.21,1,Warning
43.97,28.12,585,614,0,0.35,0.57,0,Gas Leak
26.52,47.62,176,142,0,0.04,0.04,1,Safe
50.15,32.32,893,754,1,0.79,0.85,0,Fire Detected
34.23,46.48,152,149,0,0.07,0.08,0,Safe
43.9,28.31,404,878,0,0.32,0.46,0,Gas Leak
48.2,17.21,869,613,1,0.7,0.87,1,Fire Detected
28.05,31.98,140,129,0,0.09,0.07,1,Safe
21.49,50.17,105,105,0,0.07,0.09,0,Safe
43.8,58.1,377,320,0,0.26,0.22,0,Warning
25.32,37.43,139,196,0,0.03,0.05,0,Safe
47.61,14.89,891,684,1,0.89,0.77,1,Fire Detected
40.19,35.83,464,676,0,0.12,0.4,1,Gas Leak
78.31,23.56,958,1009,1,0.94,0.99,0,Evacuate Immediately
21.39,41.41,134,102,0,0.07,0.1,1,Safe
43.71,55.11,253,254,0,0.16,0.27,1,Warning
24.71,46.78,155,202,0,0.08,0.06,0,Safe
32.5,38.07,178,152,0,0.09,0.02,1,Safe
52.47,17.84,721,753,1,0.89,0.67,0,Fire Detected
25.4,59.38,186,115,0,0.01,0.06,0,Safe
68.63,6.34,968,881,1,0.97,0.91,0,Evacuate Immediately
22.11,54.96,175,170,0,0.02,0.05,0,Safe
20.38,32.46,105,132,0,0.06,0.07,0,Safe
37.13,55.5,228,219,0,0.04,0.47,0,Warning
40.34,41.16,539,633,0,0.38,0.54,0,Gas Leak
35.02,35.85,510,613,0,0.3,0.35,0,Gas Leak
54.49,32.58,707,718,1,0.79,0.83,1,Fire Detected
21.77,45.59,189,179,0,0.05,0.03,0,Safe
32.58,47.06,121,177,0,0.09,0.04,0,Safe
67.14,32.89,779,729,1,0.8,0.9,0,Fire Detected
39.92,26.3,431,759,0,0.11,0.52,1,Gas Leak
33.85,30.34,132,241,0,0.01,0.09,1,Safe
29.65,40.45,130,245,0,0.06,0.07,1,Safe
32.32,57.02,190,211,0,0.09,0.01,0,Safe
40.54,30.61,596,742,0,0.11,0.36,1,Gas Leak
44.0,42.37,335,729,0,0.25,0.39,1,Gas Leak
36.45,26.91,580,713,0,0.21,0.44,1,Gas Leak
36.24,56.51,335,367,0,0.01,0.5,0,Warning
25.84,50.09,200,243,0,0.03,0.05,1,Safe
44.7,42.32,218,276,0,0.3,0.27,1,Warning
27.44,42.16,198,237,0,0.03,0.04,1,Safe
40.26,56.93,375,366,0,0.11,0.49,0,Warning
28.52,32.08,155,131,0,0.1,0.02,1,Safe
84.9,11.74,862,962,1,1.0,0.94,0,Evacuate Immediately
45.61,42.76,508,895,0,0.11,0.5,0,Gas Leak
44.63,50.26,383,258,0,0.24,0.42,0,Warning
24.11,39.6,179,105,0,0.09,0.03,1,Safe
44.29,39.22,355,230,0,0.11,0.27,0,Warning
39.42,29.38,593,702,0,0.27,0.51,0,Gas Leak
31.65,38.51,196,175,0,0.09,0.06,1,Safe
41.71,45.88,235,310,0,0.28,0.43,1,Warning
76.42,23.14,1006,970,1,0.96,0.95,0,Evacuate Immediately
41.2,43.51,325,210,0,0.16,0.28,1,Warning
32.64,54.18,130,202,0,0.02,0.02,1,Safe
74.05,6.29,962,957,1,0.93,0.98,0,Evacuate Immediately
55.41,34.53,878,697,1,0.71,0.79,1,Fire Detected
45.46,37.02,890,796,1,0.76,0.72,0,Fire Detected
27.21,45.86,172,112,0,0.04,0.04,1,Safe
44.66,32.42,215,359,0,0.29,0.31,1,Warning
27.54,49.05,130,149,0,0.03,0.08,0,Safe
38.2,47.72,299,323,0,0.23,0.34,0,Warning
40.39,35.83,353,216,0,0.02,0.38,0,Warning
38.04,53.4,279,291,0,0.13,0.4,1,Warning
94.98,27.58,856,961,1,0.98,0.94,0,Evacuate Immediately
43.21,24.36,354,649,0,0.31,0.53,0,Gas Leak
22.84,36.27,115,212,0,0.1,0.02,0,Safe
35.71,35.18,328,397,0,0.07,0.25,0,Warning
36.56,36.79,499,816,0,0.2,0.59,0,Gas Leak
71.29,27.64,911,990,1,0.99,0.96,0,Evacuate Immediately
29.42,51.35,116,228,0,0.08,0.06,1,Safe
40.46,38.35,430,820,0,0.32,0.5,1,Gas Leak
39.02,20.66,540,705,0,0.25,0.42,0,Gas Leak
72.32,6.05,991,987,1,0.98,0.99,0,Evacuate Immediately
38.96,35.42,562,716,0,0.34,0.42,1,Gas Leak
32.97,32.38,111,172,0,0.03,0.06,1,Safe
46.74,26.3,309,874,0,0.39,0.52,0,Gas Leak
32.59,36.42,174,158,0,0.03,0.06,1,Safe
47.48,37.45,334,709,0,0.12,0.59,1,Gas Leak
46.23,33.17,544,780,0,0.18,0.5,1,Gas Leak
34.36,52.56,132,194,0,0.05,0.0,1,Safe
61.81,27.32,809,681,1,0.68,0.87,0,Fire Detected
45.26,22.41,567,808,0,0.37,0.55,1,Gas Leak
41.48,30.1,356,699,0,0.38,0.51,1,Gas Leak
32.21,30.73,153,141,0,0.03,0.08,0,Safe
36.46,33.09,402,631,0,0.25,0.58,0,Gas Leak
82.26,21.48,882,885,1,0.91,0.99,0,Evacuate Immediately
46.14,41.11,409,743,0,0.12,0.36,0,Gas Leak
86.33,27.71,925,866,1,0.96,0.91,0,Evacuate Immediately
35.48,54.9,213,330,0,0.26,0.3,0,Warning
62.02,29.85,816,804,1,0.64,0.64,0,Fire Detected
54.09,24.91,881,680,1,0.71,0.79,0,Fire Detected
22.94,56.8,107,150,0,0.03,0.03,0,Safe
38.39,25.27,407,673,0,0.24,0.37,0,Gas Leak
20.0,56.6,133,163,0,0.04,0.02,1,Safe
88.31,22.48,992,939,1,0.98,0.99,0,Evacuate Immediately
68.88,17.91,984,985,1,0.95,0.99,0,Evacuate Immediately
30.72,43.06,162,202,0,0.02,0.05,0,Safe
60.62,20.69,715,686,1,0.62,0.85,1,Fire Detected
41.5,32.63,384,295,0,0.12,0.34,0,Warning
24.67,39.15,115,110,0,0.09,0.02,0,Safe
58.04,22.4,760,693,1,0.81,0.81,0,Fire Detected
38.59,39.29,490,888,0,0.3,0.38,1,Gas Leak
42.15,45.27,245,250,0,0.05,0.5,1,Warning
36.83,28.62,421,634,0,0.19,0.56,0,Gas Leak
29.49,35.45,102,128,0,0.01,0.05,0,Safe
30.06,53.43,182,130,0,0.03,0.02,0,Safe
57.76,32.52,793,760,1,0.63,0.67,0,Fire Detected
29.45,53.2,104,205,0,0.01,0.05,0,Safe
20.56,55.31,114,157,0,0.03,0.02,1,Safe
65.2,38.07,843,707,1,0.89,0.76,1,Fire Detected
34.75,57.8,155,244,0,0.01,0.05,1,Safe
52.25,17.17,817,831,1,0.77,0.81,1,Fire Detected
20.67,46.0,172,223,0,0.06,0.01,1,Safe
39.04,28.5,388,886,0,0.25,0.6,1,Gas Leak
42.04,36.19,338,836,0,0.39,0.49,1,Gas Leak
43.68,46.26,343,229,0,0.19,0.48,1,Warning
30.0,50.46,147,115,0,0.04,0.01,1,Safe
65.78,21.05,890,1000,1,0.94,0.93,0,Evacuate Immediately
47.31,20.35,709,806,1,0.71,0.73,0,Fire Detected
25.51,42.18,177,207,0,0.0,0.04,0,Safe
26.34,36.41,189,192,0,0.09,0.01,0,Safe
69.22,38.03,787,658,1,0.65,0.84,1,Fire Detected
35.43,58.16,326,264,0,0.26,0.38,1,Warning
24.34,53.65,174,106,0,0.04,0.07,1,Safe
33.86,47.86,165,138,0,0.04,0.01,1,Safe
30.95,58.95,164,217,0,0.03,0.07,1,Safe
43.63,59.69,327,294,0,0.14,0.26,0,Warning
39.31,52.91,230,241,0,0.27,0.44,1,Warning
39.65,51.96,297,231,0,0.08,0.3,1,Warning
43.99,30.79,557,614,0,0.19,0.47,0,Gas Leak
26.3,40.06,166,202,0,0.06,0.08,1,Safe
48.57,29.36,732,754,1,0.69,0.88,1,Fire Detected
21.98,49.96,141,142,0,0.03,0.05,0,Safe
41.07,24.91,398,802,0,0.36,0.57,1,Gas Leak
38.47,33.8,375,217,0,0.19,0.25,1,Warning
55.9,22.57,710,615,1,0.86,0.87,0,Fire Detected
42.07,31.34,428,702,0,0.34,0.35,0,Gas Leak
40.29,49.32,380,705,0,0.29,0.6,0,Gas Leak
32.38,40.43,159,169,0,0.03,0.01,0,Safe
84.04,7.14,997,963,1,0.99,0.95,0,Evacuate Immediately
83.2,21.55,999,977,1,0.96,0.99,0,Evacuate Immediately
40.24,52.09,228,212,0,0.03,0.2,0,Warning
28.54,39.13,142,137,0,0.08,0.01,1,Safe
35.39,51.62,314,386,0,0.16,0.35,1,Warning
33.92,55.63,105,197,0,0.05,0.07,1,Safe
36.86,44.3,508,730,0,0.2,0.43,0,Gas Leak
52.88,25.6,858,847,1,0.74,0.76,0,Fire Detected
63.39,16.44,761,676,1,0.67,0.69,0,Fire Detected
24.08,49.26,110,101,0,0.06,0.03,0,Safe
50.17,30.55,769,763,1,0.72,0.72,1,Fire Detected
62.67,25.44,744,737,1,0.67,0.71,1,Fire Detected
45.73,27.07,745,773,1,0.76,0.69,0,Fire Detected
43.72,38.61,451,683,0,0.2,0.34,0,Gas Leak
23.31,48.81,168,133,0,0.05,0.02,1,Safe
37.5,42.65,367,767,0,0.22,0.42,0,Gas Leak
22.46,33.74,159,219,0,0.05,0.03,0,Safe
39.86,48.96,351,351,0,0.25,0.27,1,Warning
54.24,34.1,747,634,1,0.82,0.61,0,Fire Detected
38.94,47.12,345,799,0,0.3,0.59,1,Gas Leak
71.92,17.77,949,901,1,0.94,0.98,0,Evacuate Immediately
27.53,43.43,140,211,0,0.04,0.01,0,Safe
36.87,36.42,382,242,0,0.11,0.44,0,Warning
42.62,32.78,418,603,0,0.15,0.57,1,Gas Leak
39.55,41.47,360,807,0,0.28,0.46,1,Gas Leak
49.23,47.87,465,692,0,0.11,0.45,0,Gas Leak
43.11,28.76,346,718,0,0.11,0.52,1,Gas Leak
61.6,27.15,840,839,1,0.84,0.68,1,Fire Detected
52.63,32.72,805,623,1,0.72,0.78,0,Fire Detected
69.13,18.92,913,961,1,0.9,0.99,0,Evacuate Immediately
33.31,35.02,109,219,0,0.01,0.03,1,Safe
65.28,24.87,860,876,1,0.99,0.9,0,Evacuate Immediately
58.47,39.95,733,804,1,0.85,0.68,1,Fire Detected
57.62,26.34,822,679,1,0.76,0.71,1,Fire Detected
62.62,14.54,873,710,1,0.66,0.75,0,Fire Detected
54.72,10.97,899,718,1,0.7,0.75,1,Fire Detected
52.4,28.39,827,602,1,0.65,0.88,1,Fire Detected
32.5,43.48,116,179,0,0.03,0.03,0,Safe
34.37,33.92,125,243,0,0.06,0.0,0,Safe
45.53,39.39,795,788,1,0.72,0.79,1,Fire Detected
20.34,41.83,146,245,0,0.0,0.08,1,Safe
41.25,47.96,557,793,0,0.16,0.44,1,Gas Leak
35.91,45.75,205,272,0,0.26,0.27,1,Warning
20.24,46.95,130,238,0,0.01,0.09,1,Safe
44.21,43.44,370,637,0,0.19,0.52,0,Gas Leak
61.01,16.33,863,697,1,0.63,0.62,0,Fire Detected
89.53,25.94,963,925,1,0.98,0.9,0,Evacuate Immediately
40.31,34.18,269,229,0,0.04,0.37,0,Warning
37.89,42.91,217,324,0,0.14,0.38,0,Warning
33.09,33.6,195,230,0,0.06,0.02,0,Safe
47.63,49.75,354,755,0,0.26,0.58,0,Gas Leak
37.01,43.29,317,260,0,0.28,0.24,1,Warning
36.77,42.48,529,665,0,0.35,0.33,1,Gas Leak
21.52,31.76,177,165,0,0.01,0.09,1,Safe
78.28,27.8,898,1013,1,0.91,0.99,0,Evacuate Immediately
44.39,59.56,358,394,0,0.27,0.32,0,Warning
44.96,53.75,357,275,0,0.2,0.33,1,Warning
35.59,40.6,376,231,0,0.14,0.37,1,Warning
25.15,56.33,188,184,0,0.08,0.04,0,Safe
21.89,34.95,147,169,0,0.0,0.08,1,Safe
27.49,40.17,149,247,0,0.09,0.08,0,Safe
20.13,53.23,200,142,0,0.06,0.03,1,Safe
61.78,15.51,869,830,1,0.65,0.73,1,Fire Detected
42.44,43.98,208,253,0,0.22,0.31,0,Warning
55.56,31.43,750,846,1,0.86,0.84,0,Fire Detected
82.65,5.78,931,911,1,0.94,0.93,0,Evacuate Immediately
37.71,36.26,249,249,0,0.21,0.43,0,Warning
43.36,39.8,220,315,0,0.25,0.34,0,Warning
29.87,32.74,110,176,0,0.05,0.02,1,Safe
21.18,36.97,170,165,0,0.03,0.02,0,Safe
49.58,21.52,572,694,0,0.38,0.43,1,Gas Leak
50.36,23.37,895,676,1,0.72,0.77,1,Fire Detected
68.1,13.8,840,651,1,0.82,0.86,0,Fire Detected
49.0,32.82,437,857,0,0.28,0.34,1,Gas Leak
32.66,53.83,155,181,0,0.09,0.08,1,Safe
58.63,28.6,889,779,1,0.71,0.68,0,Fire Detected
65.17,27.87,840,760,1,0.83,0.66,1,Fire Detected
42.07,50.18,395,362,0,0.11,0.38,1,Warning
68.7,26.01,958,974,1,0.95,0.95,0,Evacuate Immediately
44.83,39.17,314,305,0,0.14,0.4,1,Warning
46.98,25.92,774,786,1,0.7,0.66,1,Fire Detected
32.37,55.74,127,191,0,0.07,0.05,0,Safe
56.05,15.79,813,663,1,0.69,0.66,1,Fire Detected
21.58,59.73,193,229,0,0.03,0.06,1,Safe
41.2,45.59,247,320,0,0.04,0.32,0,Warning
89.02,28.34,886,968,1,0.96,0.95,0,Evacuate Immediately
52.44,11.81,826,757,1,0.66,0.67,0,Fire Detected
39.69,26.15,356,637,0,0.1,0.39,1,Gas Leak
69.6,19.88,999,1015,1,0.92,0.91,0,Evacuate Immediately
47.88,19.89,858,707,1,0.89,0.63,1,Fire Detected
40.25,54.95,339,306,0,0.13,0.3,1,Warning
43.08,39.66,513,877,0,0.21,0.54,0,Gas Leak
39.17,33.3,558,658,0,0.11,0.37,1,Gas Leak
32.86,36.07,173,108,0,0.02,0.03,1,Safe
48.69,32.06,305,654,0,0.29,0.3,0,Gas Leak
44.52,20.47,444,830,0,0.11,0.35,1,Gas Leak
47.42,24.76,483,759,0,0.26,0.42,1,Gas Leak
36.92,29.56,525,715,0,0.14,0.55,1,Gas Leak
48.41,19.62,865,783,1,0.85,0.89,0,Fire Detected
23.54,42.0,114,199,0,0.07,0.08,0,Safe
82.34,20.08,902,1002,1,0.99,0.93,0,Evacuate Immediately
67.27,27.29,837,716,1,0.76,0.84,0,Fire Detected
35.45,31.58,395,770,0,0.3,0.39,0,Gas Leak
78.01,7.96,869,946,1,0.99,0.98,0,Evacuate Immediately
27.65,44.48,150,230,0,0.01,0.06,1,Safe
53.06,15.26,739,840,1,0.8,0.86,0,Fire Detected
50.01,26.55,768,681,1,0.7,0.73,1,Fire Detected
23.52,48.53,141,164,0,0.07,0.07,1,Safe
26.93,42.73,100,155,0,0.02,0.0,0,Safe
98.34,22.12,907,900,1,0.93,0.99,0,Evacuate Immediately
27.92,41.49,107,116,0,0.01,0.03,1,Safe
73.05,29.5,976,882,1,0.92,0.94,0,Evacuate Immediately
56.72,12.87,823,744,1,0.89,0.67,1,Fire Detected
64.33,16.18,727,626,1,0.82,0.64,0,Fire Detected
60.74,22.19,804,692,1,0.79,0.67,0,Fire Detected
46.76,38.33,309,891,0,0.29,0.41,0,Gas Leak
45.13,16.79,709,620,1,0.74,0.67,1,Fire Detected
27.8,35.19,123,228,0,0.08,0.01,0,Safe
33.29,48.03,110,214,0,0.03,0.1,0,Safe
38.07,54.45,257,259,0,0.22,0.33,0,Warning
20.46,48.12,132,133,0,0.03,0.01,1,Safe
64.7,23.04,776,657,1,0.88,0.79,0,Fire Detected
72.48,17.27,854,975,1,0.98,0.94,0,Evacuate Immediately
74.98,5.75,991,888,1,0.94,0.97,0,Evacuate Immediately
34.02,47.75,168,250,0,0.1,0.05,0,Safe
47.81,33.57,557,642,0,0.18,0.49,0,Gas Leak
20.07,43.74,190,205,0,0.09,0.05,0,Safe
30.21,34.01,130,244,0,0.04,0.1,0,Safe
64.13,35.45,869,804,1,0.62,0.86,1,Fire Detected
37.39,20.19,332,792,0,0.25,0.31,0,Gas Leak
61.66,11.23,802,802,1,0.73,0.83,0,Fire Detected
64.23,12.25,872,720,1,0.83,0.79,0,Fire Detected
31.0,55.06,106,168,0,0.08,0.07,1,Safe
69.14,8.88,952,917,1,0.98,0.95,0,Evacuate Immediately
41.05,45.04,303,352,0,0.18,0.31,1,Warning
41.12,39.47,356,293,0,0.05,0.25,1,Warning
69.46,39.38,771,829,1,0.8,0.74,1,Fire Detected
38.24,59.19,393,337,0,0.2,0.37,0,Warning
30.74,46.87,155,142,0,0.03,0.06,0,Safe
50.03,15.66,880,848,1,0.77,0.86,1,Fire Detected
58.61,30.04,725,613,1,0.62,0.62,1,Fire Detected
43.41,58.32,243,393,0,0.12,0.21,0,Warning
41.95,38.17,398,345,0,0.16,0.49,1,Warning
38.8,30.58,322,262,0,0.3,0.23,0,Warning
21.8,30.41,143,187,0,0.05,0.02,1,Safe
73.41,26.28,898,943,1,0.95,0.96,0,Evacuate Immediately
38.83,53.07,260,286,0,0.24,0.22,1,Warning
47.33,32.88,564,819,0,0.33,0.35,0,Gas Leak
50.76,25.4,795,747,1,0.86,0.72,0,Fire Detected
44.18,49.03,211,394,0,0.01,0.32,0,Warning
65.88,20.92,762,609,1,0.75,0.73,1,Fire Detected
37.63,29.06,570,638,0,0.12,0.55,1,Gas Leak
26.79,41.99,200,207,0,0.0,0.02,1,Safe
40.66,30.17,331,266,0,0.26,0.26,0,Warning
94.72,22.15,872,934,1,0.99,0.93,0,Evacuate Immediately
41.27,50.9,351,226,0,0.17,0.22,0,Warning
36.42,47.67,321,339,0,0.23,0.35,0,Warning
34.84,50.68,134,122,0,0.03,0.04,1,Safe
34.69,36.9,140,144,0,0.09,0.07,1,Safe
35.84,48.34,494,638,0,0.13,0.35,0,Gas Leak
40.09,47.81,464,608,0,0.17,0.41,0,Gas Leak
96.5,11.98,884,966,1,0.92,0.97,0,Evacuate Immediately
39.38,42.71,244,256,0,0.14,0.21,0,Warning
34.77,32.22,145,206,0,0.05,0.08,0,Safe
96.89,15.41,889,913,1,0.95,0.97,0,Evacuate Immediately
38.35,31.85,292,379,0,0.1,0.48,0,Warning
43.97,50.77,355,363,0,0.24,0.38,0,Warning
31.42,58.96,140,165,0,0.07,0.06,1,Safe
40.18,21.77,535,836,0,0.27,0.45,0,Gas Leak
35.41,50.09,369,263,0,0.12,0.29,1,Warning
28.03,51.52,198,144,0,0.01,0.09,1,Safe
47.52,27.57,584,602,0,0.2,0.43,0,Gas Leak
52.11,32.32,847,679,1,0.74,0.77,1,Fire Detected
48.71,21.46,581,622,0,0.23,0.46,1,Gas Leak
26.26,37.14,133,175,0,0.08,0.04,1,Safe
20.48,33.86,104,190,0,0.02,0.08,0,Safe
27.0,45.51,176,197,0,0.1,0.02,0,Safe
66.7,15.36,903,1013,1,0.95,0.98,0,Evacuate Immediately
65.48,21.22,921,863,1,0.95,0.94,0,Evacuate Immediately
44.78,58.32,324,375,0,0.15,0.38,1,Warning
42.01,46.49,287,357,0,0.15,0.38,1,Warning
27.72,46.62,129,245,0,0.06,0.06,1,Safe
49.0,27.2,559,713,0,0.13,0.54,1,Gas Leak
39.1,39.69,545,856,0,0.3,0.31,0,Gas Leak
31.89,45.13,123,220,0,0.01,0.04,0,Safe
68.34,18.21,787,642,1,0.69,0.66,1,Fire Detected
56.98,25.76,889,741,1,0.9,0.64,0,Fire Detected
37.01,57.18,247,303,0,0.23,0.34,1,Warning
51.41,37.05,806,746,1,0.66,0.83,0,Fire Detected
50.57,19.99,887,766,1,0.89,0.69,1,Fire Detected
29.6,37.64,127,149,0,0.01,0.07,0,Safe
44.72,25.1,308,741,0,0.36,0.47,1,Gas Leak
25.97,36.97,192,204,0,0.01,0.1,0,Safe
24.03,58.42,120,181,0,0.06,0.08,0,Safe
36.11,39.59,298,281,0,0.16,0.32,1,Warning
46.92,37.48,873,795,1,0.62,0.75,1,Fire Detected
88.19,11.94,872,892,1,0.91,0.96,0,Evacuate Immediately
37.43,31.18,251,240,0,0.07,0.39,0,Warning
23.82,42.55,181,153,0,0.06,0.09,0,Safe
41.44,48.53,284,390,0,0.24,0.21,1,Warning
46.97,38.52,471,743,0,0.17,0.46,0,Gas Leak
33.27,40.09,141,114,0,0.08,0.01,1,Safe
34.65,53.73,134,171,0,0.09,0.06,1,Safe
33.07,58.01,157,200,0,0.05,0.06,0,Safe
37.62,46.51,220,340,0,0.07,0.46,0,Warning
67.24,12.25,912,871,1,0.98,0.95,0,Evacuate Immediately
71.22,12.64,1012,988,1,0.98,0.99,0,Evacuate Immediately
39.42,42.45,519,835,0,0.14,0.52,0,Gas Leak
65.25,13.95,848,612,1,0.87,0.73,1,Fire Detected
67.86,30.32,705,836,1,0.76,0.75,1,Fire Detected
37.67,34.37,562,881,0,0.29,0.44,0,Gas Leak
38.37,45.83,231,326,0,0.07,0.36,0,Warning
59.85,12.26,875,662,1,0.89,0.85,1,Fire Detected
47.17,28.97,560,891,0,0.15,0.57,0,Gas Leak
45.32,27.42,302,842,0,0.13,0.38,1,Gas Leak
51.77,19.24,779,788,1,0.69,0.65,0,Fire Detected
28.44,34.02,137,123,0,0.0,0.02,0,Safe
43.23,52.6,391,367,0,0.07,0.41,1,Warning
46.92,31.72,535,648,0,0.26,0.43,0,Gas Leak
53.45,36.72,762,722,1,0.79,0.77,0,Fire Detected
67.56,16.9,890,829,1,0.81,0.82,1,Fire Detected
91.88,26.01,915,911,1,0.97,1.0,0,Evacuate Immediately
29.7,51.01,118,145,0,0.08,0.02,1,Safe
82.0,6.87,888,932,1,1.0,0.92,0,Evacuate Immediately
77.83,6.42,870,953,1,0.9,1.0,0,Evacuate Immediately
48.03,35.2,805,778,1,0.66,0.72,0,Fire Detected
91.04,22.49,850,1001,1,1.0,0.91,0,Evacuate Immediately
24.55,53.19,112,203,0,0.09,0.03,1,Safe
47.18,31.49,404,746,0,0.29,0.34,1,Gas Leak
41.02,20.8,373,824,0,0.2,0.33,1,Gas Leak
43.65,41.6,390,353,0,0.28,0.23,0,Warning
42.61,45.91,272,225,0,0.01,0.47,1,Warning
66.9,19.65,793,741,1,0.64,0.69,1,Fire Detected
70.79,6.31,877,870,1,0.95,0.98,0,Evacuate Immediately
66.57,12.68,967,932,1,0.97,1.0,0,Evacuate Immediately
67.23,33.37,887,616,1,0.81,0.87,0,Fire Detected
26.08,38.2,139,240,0,0.06,0.04,1,Safe
31.73,51.54,120,181,0,0.02,0.02,0,Safe
38.62,38.38,298,299,0,0.08,0.25,1,Warning
27.49,55.55,116,147,0,0.05,0.03,0,Safe
47.13,21.63,876,767,1,0.71,0.88,0,Fire Detected
64.21,30.47,784,753,1,0.74,0.78,0,Fire Detected
91.98,25.33,924,968,1,0.96,0.97,0,Evacuate Immediately
38.91,32.83,368,265,0,0.3,0.31,0,Warning
35.53,55.44,324,311,0,0.27,0.42,0,Warning
57.35,14.2,804,744,1,0.67,0.79,1,Fire Detected
23.78,35.36,166,129,0,0.02,0.03,0,Safe
36.81,38.51,379,254,0,0.23,0.27,1,Warning
31.57,58.37,176,174,0,0.09,0.09,1,Safe
49.9,31.15,509,790,0,0.11,0.38,0,Gas Leak
26.45,46.15,148,187,0,0.04,0.06,1,Safe
34.19,52.41,196,156,0,0.02,0.02,0,Safe
34.27,40.27,113,229,0,0.08,0.06,0,Safe
65.17,25.51,863,631,1,0.71,0.71,1,Fire Detected
37.52,38.93,358,225,0,0.22,0.49,1,Warning
45.23,28.92,854,766,1,0.65,0.87,1,Fire Detected
41.43,51.66,350,262,0,0.14,0.33,0,Warning
38.42,31.5,375,286,0,0.11,0.44,1,Warning
35.95,34.77,286,211,0,0.27,0.33,1,Warning
41.85,46.22,347,260,0,0.05,0.31,0,Warning
51.82,21.26,733,841,1,0.74,0.85,0,Fire Detected
30.64,40.17,187,219,0,0.02,0.05,0,Safe
38.74,39.01,596,650,0,0.39,0.36,0,Gas Leak
39.5,48.12,328,262,0,0.03,0.37,1,Warning
20.93,32.73,129,230,0,0.07,0.02,1,Safe
40.28,38.76,318,364,0,0.14,0.33,1,Warning
56.96,28.57,824,630,1,0.75,0.81,0,Fire Detected
35.58,52.81,253,285,0,0.25,0.46,1,Warning
25.79,42.34,129,187,0,0.01,0.1,1,Safe
49.35,31.06,375,702,0,0.33,0.54,1,Gas Leak
33.8,42.08,148,137,0,0.08,0.03,1,Safe
39.2,41.06,537,839,0,0.1,0.36,1,Gas Leak
21.9,33.53,154,180,0,0.06,0.09,1,Safe
43.82,37.27,202,264,0,0.08,0.2,0,Warning
50.17,35.96,858,708,1,0.81,0.78,1,Fire Detected
51.78,18.89,860,620,1,0.86,0.83,0,Fire Detected
28.94,37.55,193,103,0,0.05,0.08,0,Safe
22.82,46.0,110,216,0,0.03,0.01,0,Safe
71.62,7.98,888,921,1,0.9,1.0,0,Evacuate Immediately
99.64,19.0,994,1000,1,0.93,0.98,0,Evacuate Immediately
45.93,34.8,853,657,1,0.71,0.85,1,Fire Detected
28.42,40.19,166,240,0,0.08,0.08,0,Safe
55.04,25.32,789,794,1,0.72,0.62,1,Fire Detected
67.47,35.23,793,782,1,0.89,0.64,0,Fire Detected
20.59,46.77,167,158,0,0.01,0.08,0,Safe
32.23,31.66,177,222,0,0.05,0.02,1,Safe
29.24,35.18,104,225,0,0.04,0.06,1,Safe
20.02,58.11,164,119,0,0.09,0.02,1,Safe
46.14,49.71,561,828,0,0.29,0.41,1,Gas Leak
37.17,22.73,478,846,0,0.17,0.33,0,Gas Leak
37.25,44.34,213,321,0,0.1,0.24,1,Warning
49.01,38.84,547,655,0,0.12,0.46,1,Gas Leak
30.7,45.42,115,164,0,0.03,0.02,1,Safe
40.86,22.92,318,727,0,0.35,0.36,0,Gas Leak
49.53,26.73,326,876,0,0.15,0.49,1,Gas Leak
40.59,55.11,396,378,0,0.19,0.44,0,Warning
34.49,46.86,164,102,0,0.06,0.08,1,Safe
92.87,24.3,942,916,1,0.94,0.98,0,Evacuate Immediately
37.86,54.31,243,310,0,0.15,0.24,0,Warning
21.65,37.98,165,144,0,0.05,0.07,0,Safe
38.71,51.02,398,220,0,0.14,0.39,0,Warning
47.71,31.57,864,624,1,0.64,0.79,1,Fire Detected
37.57,49.56,236,320,0,0.11,0.22,1,Warning
79.54,6.08,900,1008,1,0.94,0.94,0,Evacuate Immediately
31.32,44.14,164,149,0,0.06,0.06,1,Safe
31.52,50.09,191,216,0,0.04,0.0,1,Safe
53.47,32.21,804,727,1,0.6,0.82,1,Fire Detected
40.03,45.54,324,396,0,0.18,0.24,1,Warning
40.03,27.77,401,843,0,0.26,0.43,1,Gas Leak
36.15,30.33,265,209,0,0.01,0.33,0,Warning
43.41,48.54,313,233,0,0.14,0.48,0,Warning
49.31,22.43,498,687,0,0.34,0.58,0,Gas Leak
38.95,46.8,543,756,0,0.11,0.34,1,Gas Leak
28.12,59.01,146,226,0,0.02,0.03,1,Safe
44.88,40.27,210,382,0,0.13,0.32,0,Warning
91.81,6.92,927,1014,1,0.96,0.92,0,Evacuate Immediately
21.34,31.38,198,204,0,0.02,0.0,0,Safe
26.11,32.14,165,199,0,0.08,0.06,0,Safe
41.51,38.98,291,259,0,0.26,0.4,1,Warning
40.97,47.01,395,381,0,0.26,0.27,0,Warning
26.14,32.98,122,177,0,0.04,0.04,1,Safe
24.15,39.27,114,111,0,0.07,0.03,0,Safe
45.35,27.37,887,837,1,0.61,0.64,1,Fire Detected
42.91,43.18,388,672,0,0.14,0.49,1,Gas Leak
26.71,49.59,153,174,0,0.07,0.08,1,Safe
40.34,30.57,355,398,0,0.06,0.28,0,Warning
31.88,40.1,117,228,0,0.09,0.0,1,Safe
48.66,33.94,807,781,1,0.75,0.63,0,Fire Detected
26.75,57.33,143,221,0,0.1,0.1,1,Safe
49.65,12.78,824,620,1,0.68,0.71,1,Fire Detected
38.08,43.31,444,664,0,0.24,0.56,0,Gas Leak
47.51,46.55,380,711,0,0.35,0.46,0,Gas Leak
46.71,16.16,830,734,1,0.6,0.83,0,Fire Detected
47.28,36.15,570,772,0,0.26,0.37,1,Gas Leak
35.12,52.53,350,320,0,0.13,0.31,1,Warning
91.94,24.2,965,899,1,0.93,0.93,0,Evacuate Immediately
21.56,54.49,200,229,0,0.02,0.05,1,Safe
29.71,35.99,140,157,0,0.07,0.08,1,Safe
49.4,15.8,861,666,1,0.64,0.81,0,Fire Detected
40.01,25.05,570,898,0,0.33,0.44,1,Gas Leak
42.69,40.11,216,235,0,0.17,0.31,0,Warning
61.27,39.74,751,747,1,0.7,0.82,0,Fire Detected
58.21,37.2,786,664,1,0.83,0.72,1,Fire Detected
42.66,37.0,402,660,0,0.33,0.51,0,Gas Leak
42.16,33.9,545,819,0,0.2,0.58,0,Gas Leak
22.65,35.9,193,108,0,0.09,0.0,1,Safe
27.73,56.16,113,194,0,0.03,0.06,0,Safe
56.84,18.06,809,660,1,0.9,0.63,0,Fire Detected
42.33,27.3,555,753,0,0.11,0.58,0,Gas Leak
37.04,50.09,297,262,0,0.25,0.44,1,Warning
49.02,13.4,742,780,1,0.7,0.71,1,Fire Detected
69.25,30.96,811,638,1,0.73,0.87,0,Fire Detected
93.87,13.24,936,1014,1,0.92,0.99,0,Evacuate Immediately
27.01,43.58,173,168,0,0.07,0.05,1,Safe
20.35,37.12,125,154,0,0.05,0.09,0,Safe
51.01,39.08,775,638,1,0.89,0.67,1,Fire Detected
42.97,31.15,389,609,0,0.16,0.44,0,Gas Leak
53.93,17.94,769,696,1,0.81,0.82,0,Fire Detected
84.61,14.27,938,943,1,0.97,0.93,0,Evacuate Immediately
33.05,49.51,104,168,0,0.06,0.1,0,Safe
94.88,22.75,986,901,1,0.95,0.98,0,Evacuate Immediately
34.41,48.15,108,220,0,0.09,0.01,0,Safe
37.94,39.45,250,364,0,0.13,0.45,0,Warning
38.37,59.79,304,215,0,0.08,0.31,0,Warning
36.47,20.68,382,876,0,0.17,0.36,0,Gas Leak
28.73,51.04,174,152,0,0.0,0.1,0,Safe
43.67,44.49,222,242,0,0.1,0.45,1,Warning
31.72,40.35,124,126,0,0.07,0.09,1,Safe
41.89,28.96,530,798,0,0.15,0.5,1,Gas Leak
51.57,38.05,702,777,1,0.87,0.83,1,Fire Detected
33.44,52.81,137,219,0,0.0,0.07,1,Safe
38.14,37.22,227,386,0,0.2,0.35,0,Warning
84.7,14.25,924,860,1,0.93,1.0,0,Evacuate Immediately
21.99,31.32,164,141,0,0.04,0.02,1,Safe
41.35,30.47,363,813,0,0.17,0.56,0,Gas Leak
51.01,34.76,714,826,1,0.88,0.81,0,Fire Detected
23.18,43.68,177,200,0,0.01,0.08,0,Safe
46.4,26.17,348,823,0,0.12,0.43,0,Gas Leak
35.1,47.37,313,654,0,0.14,0.31,1,Gas Leak
43.71,42.83,388,331,0,0.15,0.44,1,Warning
57.72,17.14,809,819,1,0.88,0.83,1,Fire Detected
33.11,47.96,191,215,0,0.08,0.01,1,Safe
83.86,20.36,993,949,1,0.99,0.96,0,Evacuate Immediately
38.09,36.85,540,847,0,0.4,0.57,1,Gas Leak
27.67,43.01,179,218,0,0.08,0.02,1,Safe
41.35,43.44,384,650,0,0.37,0.45,0,Gas Leak
25.93,42.82,173,107,0,0.07,0.03,0,Safe
28.32,39.44,174,194,0,0.0,0.05,0,Safe
23.76,52.18,190,136,0,0.03,0.04,0,Safe
98.09,21.48,952,1017,1,0.99,0.97,0,Evacuate Immediately
42.51,49.98,216,344,0,0.13,0.29,1,Warning
35.02,29.19,322,758,0,0.2,0.52,1,Gas Leak
81.04,24.43,890,897,1,1.0,0.92,0,Evacuate Immediately
57.86,26.7,803,664,1,0.82,0.71,0,Fire Detected
38.4,36.74,538,645,0,0.17,0.59,1,Gas Leak
41.02,25.78,534,652,0,0.32,0.51,0,Gas Leak
48.06,42.68,332,797,0,0.28,0.36,0,Gas Leak
29.11,32.85,144,161,0,0.01,0.02,0,Safe
38.48,34.69,366,728,0,0.15,0.45,0,Gas Leak
36.06,51.57,263,246,0,0.22,0.21,1,Warning
99.23,28.29,975,876,1,0.93,0.9,0,Evacuate Immediately
60.49,14.95,719,748,1,0.85,0.84,1,Fire Detected
40.22,32.96,506,695,0,0.2,0.56,1,Gas Leak
65.97,18.99,801,600,1,0.66,0.73,0,Fire Detected
20.2,43.25,128,250,0,0.04,0.05,0,Safe
43.27,35.37,235,240,0,0.12,0.38,1,Warning
35.71,35.09,353,830,0,0.3,0.58,0,Gas Leak
27.65,35.79,192,181,0,0.05,0.06,1,Safe
25.08,35.58,116,183,0,0.1,0.06,1,Safe
42.85,34.2,480,876,0,0.23,0.45,1,Gas Leak
34.95,34.11,124,193,0,0.03,0.08,0,Safe
63.91,14.65,870,850,1,0.65,0.8,0,Fire Detected
33.93,34.8,178,209,0,0.04,0.05,1,Safe
42.75,58.62,336,269,0,0.17,0.41,1,Warning
57.55,31.69,708,725,1,0.8,0.71,1,Fire Detected
85.12,17.32,1008,1011,1,0.91,0.98,0,Evacuate Immediately
49.01,24.47,450,711,0,0.13,0.54,0,Gas Leak
23.03,59.74,175,159,0,0.07,0.0,0,Safe
39.66,41.69,357,392,0,0.06,0.27,1,Warning
36.14,36.88,397,214,0,0.06,0.23,0,Warning
29.93,59.84,166,104,0,0.09,0.02,0,Safe
48.56,23.5,746,728,1,0.66,0.88,0,Fire Detected
50.84,27.05,898,685,1,0.86,0.65,1,Fire Detected
67.46,14.57,772,790,1,0.87,0.83,1,Fire Detected
38.37,40.01,319,671,0,0.4,0.35,1,Gas Leak
36.89,51.44,217,229,0,0.1,0.33,1,Warning
53.03,27.96,742,817,1,0.67,0.76,0,Fire Detected
51.4,34.97,881,602,1,0.64,0.87,0,Fire Detected
82.52,12.72,950,943,1,0.99,0.93,0,Evacuate Immediately
33.03,46.38,129,222,0,0.02,0.0,1,Safe
21.51,42.48,198,120,0,0.07,0.09,0,Safe
58.25,39.02,875,676,1,0.7,0.79,0,Fire Detected
53.33,23.96,801,836,1,0.88,0.7,0,Fire Detected
45.96,27.64,895,685,1,0.69,0.84,0,Fire Detected
35.68,59.45,283,362,0,0.07,0.22,1,Warning
34.34,44.4,116,213,0,0.01,0.08,1,Safe
22.11,37.69,113,200,0,0.03,0.03,1,Safe
38.05,21.97,313,813,0,0.32,0.51,0,Gas Leak
23.14,47.34,124,177,0,0.06,0.06,0,Safe
39.12,54.67,261,220,0,0.12,0.31,1,Warning
20.46,53.11,182,168,0,0.07,0.02,0,Safe
38.79,31.37,322,226,0,0.1,0.2,0,Warning
95.7,26.63,862,854,1,0.96,0.98,0,Evacuate Immediately
39.08,55.9,258,361,0,0.15,0.33,1,Warning
62.34,16.78,840,647,1,0.86,0.83,1,Fire Detected
31.52,50.71,136,179,0,0.05,0.04,0,Safe
23.3,49.72,199,155,0,0.1,0.1,0,Safe
25.45,34.97,110,237,0,0.06,0.05,0,Safe
29.1,45.03,174,237,0,0.07,0.0,1,Safe
21.33,40.39,199,146,0,0.06,0.03,1,Safe
20.92,56.0,178,235,0,0.06,0.07,1,Safe
28.73,40.25,169,177,0,0.02,0.08,1,Safe
40.44,47.21,356,606,0,0.27,0.44,0,Gas Leak
49.18,32.02,380,820,0,0.34,0.56,1,Gas Leak
33.87,40.01,152,229,0,0.05,0.09,1,Safe
34.48,48.06,142,106,0,0.09,0.04,0,Safe
46.81,23.33,822,786,1,0.74,0.7,1,Fire Detected
21.14,50.85,161,195,0,0.08,0.02,1,Safe
82.68,25.07,901,933,1,0.9,0.91,0,Evacuate Immediately
